Gene	TranscriptID	AAPosition	KnownAlts
atp6	PF3D7_0106300.1	263	E
atp6	PF3D7_0106300.1	431	K
atp6	PF3D7_0106300.1	623	E
atp6	PF3D7_0106300.1	769	N
dhfr-ts	PF3D7_0417200.1	16	V
dhfr-ts	PF3D7_0417200.1	51	I,L
dhfr-ts	PF3D7_0417200.1	59	R
dhfr-ts	PF3D7_0417200.1	108	N,T
dhfr-ts	PF3D7_0417200.1	164	L
PI4K	PF3D7_0419900.1	915	G
mdr1	PF3D7_0523000.1	86	Y
mdr1	PF3D7_0523000.1	184	F
mdr1	PF3D7_0523000.1	1034	C
mdr1	PF3D7_0523000.1	1042	D
mdr1	PF3D7_0523000.1	1246	Y
Sec14	PF3D7_0626400.1	615	D
crt	PF3D7_0709000.1	72	S
crt	PF3D7_0709000.1	73	L
crt	PF3D7_0709000.1	74	I
crt	PF3D7_0709000.1	75	E
crt	PF3D7_0709000.1	76	T
crt	PF3D7_0709000.1	93	S
crt	PF3D7_0709000.1	97	L,Y
crt	PF3D7_0709000.1	101	F
crt	PF3D7_0709000.1	145	I
crt	PF3D7_0709000.1	218	F
crt	PF3D7_0709000.1	220	S
crt	PF3D7_0709000.1	271	E
crt	PF3D7_0709000.1	326	S
crt	PF3D7_0709000.1	343	L
crt	PF3D7_0709000.1	350	R
crt	PF3D7_0709000.1	353	V
crt	PF3D7_0709000.1	356	T
crt	PF3D7_0709000.1	371	I
pib7	PF3D7_0720700.1	1484	F
dhps	PF3D7_0810800.1	431	V
dhps	PF3D7_0810800.1	436	A,F
dhps	PF3D7_0810800.1	437	A,G
dhps	PF3D7_0810800.1	540	E
dhps	PF3D7_0810800.1	581	G
dhps	PF3D7_0810800.1	613	S,T
pph	PF3D7_1012700.1	1157	L
kelch10	PF3D7_1022600.1	623	T
fd	PF3D7_1318100.1	193	Y
PF3D7-1322700	PF3D7_1322700.1	236	I
k13	PF3D7_1343700.1	441	L
k13	PF3D7_1343700.1	446	I
k13	PF3D7_1343700.1	449	A
k13	PF3D7_1343700.1	458	Y
k13	PF3D7_1343700.1	469	F,Y
k13	PF3D7_1343700.1	476	I
k13	PF3D7_1343700.1	481	V
k13	PF3D7_1343700.1	493	H
k13	PF3D7_1343700.1	515	K
k13	PF3D7_1343700.1	527	H
k13	PF3D7_1343700.1	537	D,I
k13	PF3D7_1343700.1	538	V
k13	PF3D7_1343700.1	539	T
k13	PF3D7_1343700.1	543	T
k13	PF3D7_1343700.1	553	L
k13	PF3D7_1343700.1	561	H
k13	PF3D7_1343700.1	568	G
k13	PF3D7_1343700.1	574	L
k13	PF3D7_1343700.1	580	Y
k13	PF3D7_1343700.1	622	I
k13	PF3D7_1343700.1	675	V
exo	PF3D7_1362500.1	415	G
mcp	PF3D7_1368700.1	252	D
mdr2	PF3D7_1447900.1	484	I
PF3D7-1451200	PF3D7_1451200.1	71	N
arps10	PF3D7_1460900.1	127	M
cytb	PF3D7_MIT02300.1	133	I
cytb	PF3D7_MIT02300.1	268	C,N,S
cytb	PF3D7_MIT02300.1	284	K
